{"textures":{"0":"modelengine:entity/qmob_blobfish","particle":"#0"},"elements":[{"from":[6.0,5.75,7.0],"to":[10.0,8.75,8.0],"faces":{"east":{"uv":[5.0,6.25,5.25,7.0],"tintindex":0,"rotation":0,"texture":"#0"},"south":{"uv":[5.5,2.0,6.5,2.75],"tintindex":0,"rotation":0,"texture":"#0"},"north":{"uv":[5.5,1.25,6.5,2.0],"tintindex":0,"rotation":0,"texture":"#0"},"west":{"uv":[5.25,6.25,5.5,7.0],"tintindex":0,"rotation":0,"texture":"#0"},"up":{"uv":[4.0,1.75,3.0,1.5],"tintindex":0,"rotation":0,"texture":"#0"},"down":{"uv":[4.0,1.75,3.0,2.0],"tintindex":0,"rotation":0,"texture":"#0"}}}],"display":{"head":{"rotation":[0.0,0.0,0.0]},"firstperson_righthand":{"rotation":[0.0,0.0,0.0]},"thirdperson_lefthand":{"rotation":[0.0,-0.0,-0.0]},"firstperson_lefthand":{"rotation":[0.0,-0.0,-0.0]},"fixed":{"rotation":[0.0,0.0,0.0]},"ground":{"rotation":[0.0,0.0,0.0]},"thirdperson_righthand":{"rotation":[0.0,0.0,0.0]},"gui":{"rotation":[-150.0,-45.0,180.0]}}}