{"textures":{"0":"modelengine:entity/qmob_blobfish","particle":"#0"},"elements":[{"from":[4.996667,4.326667,6.083333],"to":[10.996667,9.326666,13.083334],"faces":{"east":{"uv":[5.0,0.0,6.75,1.25],"tintindex":0,"rotation":0,"texture":"#0"},"south":{"uv":[1.5,5.25,3.0,6.5],"tintindex":0,"rotation":0,"texture":"#0"},"north":{"uv":[5.0,4.25,6.5,5.5],"tintindex":0,"rotation":0,"texture":"#0"},"west":{"uv":[5.0,3.0,6.75,4.25],"tintindex":0,"rotation":0,"texture":"#0"},"up":{"uv":[3.5,5.25,2.0,3.5],"tintindex":0,"rotation":0,"texture":"#0"},"down":{"uv":[5.0,3.5,3.5,5.25],"tintindex":0,"rotation":0,"texture":"#0"}}},{"from":[7.9966664,9.336666,8.083333],"to":[8.006667,10.336666,13.083334],"faces":{"east":{"uv":[5.0,5.75,6.25,6.0],"tintindex":0,"rotation":0,"texture":"#0"},"west":{"uv":[5.0,6.0,6.25,6.25],"tintindex":0,"rotation":0,"texture":"#0"}}},{"from":[7.9966664,3.3366666,13.083334],"to":[8.006667,9.336666,17.083332],"faces":{"east":{"uv":[3.0,5.25,4.0,6.75],"tintindex":0,"rotation":0,"texture":"#0"},"west":{"uv":[4.0,5.25,5.0,6.75],"tintindex":0,"rotation":0,"texture":"#0"}}}],"display":{"head":{"rotation":[0.0,0.0,0.0]},"firstperson_righthand":{"rotation":[0.0,0.0,0.0]},"thirdperson_lefthand":{"rotation":[0.0,-0.0,-0.0]},"firstperson_lefthand":{"rotation":[0.0,-0.0,-0.0]},"fixed":{"rotation":[0.0,0.0,0.0]},"ground":{"rotation":[0.0,0.0,0.0]},"thirdperson_righthand":{"rotation":[0.0,0.0,0.0]},"gui":{"rotation":[-150.0,-45.0,180.0]}}}